{
  "env": "PDDLEnvNavigation10-v0",
  "problem_index": 0,
  "algorithm": "vi",
  "epsilon": 1e-08,
  "vi_mode": "discounted",
  "gamma": 0.99,
  "gamma_vals": [],
  "penalty": 10,
  "penalty_vals": [],
  "pmax_vals": null,
  "alpha_vals": [
    1e-05,
    0.0001,
    0.001,
    0.01,
    0.1,
    0.5,
    0.999
  ],
  "lamb_vals": [
    -0.05,
    -0.06,
    -0.07,
    -0.08,
    -0.09,
    -0.1,
    -0.2
  ],
  "batch": false,
  "batch_size": 20,
  "limit_time": false,
  "compare_policies": false,
  "lamb": -0.1,
  "k_g": 1,
  "init_param_val": 0.01,
  "simulate": false,
  "render_and_save": true,
  "output_dir": "./output",
  "print_sim_history": false,
  "plot_stats": true,
  "no_run_alpha_expr": false,
  "no_run_gubs_comparison_expr": true,
  "p_max": 0.85095824,
  "alpha_expr_vals": {
    "alpha_vals": [
      1e-05,
      0.0001,
      0.001,
      0.01,
      0.1,
      0.5,
      0.999
    ],
    "alpha_mcmp_result_vals": [
      8.63718849648907e-06,
      8.637188496489068e-05,
      0.0008637188496489069,
      0.008637188496489069,
      0.08637188496489069,
      0.4318594248244534,
      0.8628551307992579
    ],
    "alpha_mcmp_costs": [
      0.00039013822010000034,
      0.0039013822009999976,
      0.03901382201000001,
      0.3901382201000001,
      3.9013822010000014,
      19.506911000000002,
      38.97480813999999
    ],
    "egubs_alpha_vals": [
      1e-05,
      0.0001,
      0.001,
      0.01,
      0.1,
      0.5,
      0.999
    ],
    "egubs_alpha_result_vals_by_lamb": {
      "-0.05": [
        0.10421381624856757,
        0.10429041091682378,
        0.10505711664559873,
        0.11280084450449432,
        0.1987562237437347,
        0.9551635610882835,
        850.21148642593
      ],
      "-0.06": [
        0.06956406288672488,
        0.06963307639733146,
        0.07032389542184604,
        0.0773011675622954,
        0.16301868218265259,
        0.9194260175602937,
        850.1757488805572
      ],
      "-0.07": [
        0.046632713625047346,
        0.04670172713545968,
        0.04739254615735513,
        0.05436981827809465,
        0.13953744423898384,
        0.895944778249191,
        850.1522676392244
      ],
      "-0.08": [
        0.031261370532307216,
        0.03133038404262975,
        0.03202120306248642,
        0.03899847516536511,
        0.12410917138042774,
        0.8805165045038574,
        850.1368393632628
      ],
      "-0.09": [
        0.022202951000084653,
        0.02224556472674239,
        0.022672124292682626,
        0.028694755751181526,
        0.11397207389799817,
        0.8703794062234903,
        850.1267022640332
      ],
      "-0.1": [
        0.01580476618990613,
        0.015847379916678263,
        0.016273939482476105,
        0.02178796609004094,
        0.10731152625733262,
        0.8637188591529341,
        850.120041715077
      ],
      "-0.2": [
        0.0017919083754654964,
        0.0017936861119682533,
        0.0018114811067145426,
        0.00878689067920775,
        0.094742270041931,
        0.8511495982035302,
        850.1074724505685
      ]
    },
    "egubs_alpha_result_probs_by_lamb": {
      "-0.05": [
        0.8509582393310278,
        0.8509582393310278,
        0.8509582393310278,
        0.8509582393310278,
        0.8509582393310278,
        0.8509582393310278,
        0.8509582393310278
      ],
      "-0.06": [
        0.7667324158404405,
        0.7667324158404405,
        0.7667324158404405,
        0.7667324158404405,
        0.8509582393310278,
        0.8509582393310278,
        0.8509582393310278
      ],
      "-0.07": [
        0.7667324158404405,
        0.7667324158404405,
        0.7667324158404405,
        0.7667324158404405,
        0.8509582393310278,
        0.8509582393310278,
        0.8509582393310278
      ],
      "-0.08": [
        0.7667324158404405,
        0.7667324158404405,
        0.7667324158404405,
        0.7667324158404405,
        0.8509582393310278,
        0.8509582393310278,
        0.8509582393310278
      ],
      "-0.09": [
        0.4734337337529007,
        0.4734337337529007,
        0.4734337337529007,
        0.7667324158404405,
        0.8509582393310278,
        0.8509582393310278,
        0.8509582393310278
      ],
      "-0.1": [
        0.4734337337529007,
        0.4734337337529007,
        0.4734337337529007,
        0.7667324158404405,
        0.8509582393310278,
        0.8509582393310278,
        0.8509582393310278
      ],
      "-0.2": [
        0.019750344929962697,
        0.019750344929962697,
        0.019750344929962697,
        0.8509582393310278,
        0.8509582393310278,
        0.8509582393310278,
        0.8509582393310278
      ]
    }
  },
  "gubs_comparison_expr_vals": null
}
