{
  "env": "PDDLEnvRiver-alt-v0",
  "problem_index": 4,
  "algorithm": "vi",
  "epsilon": 1e-08,
  "vi_mode": "discounted",
  "gamma": 0.99,
  "gamma_vals": [],
  "penalty": 10,
  "penalty_vals": [],
  "pmax_vals": null,
  "alpha_vals": [
    1e-05,
    0.0001,
    0.001,
    0.01,
    0.1,
    0.5,
    0.999
  ],
  "lamb_vals": [
    -0.01,
    -0.1,
    -0.2,
    -0.3,
    -0.4,
    -0.5
  ],
  "batch": false,
  "batch_size": 20,
  "limit_time": false,
  "compare_policies": false,
  "lamb": -0.1,
  "k_g": 1,
  "init_param_val": 0.01,
  "simulate": false,
  "render_and_save": true,
  "output_dir": "./output",
  "print_sim_history": false,
  "plot_stats": false,
  "no_run_alpha_expr": false,
  "no_run_gubs_comparison_expr": true,
  "p_max": 1.0,
  "alpha_expr_vals": {
    "alpha_vals": [
      1e-05,
      0.0001,
      0.001,
      0.01,
      0.1,
      0.5,
      0.999
    ],
    "alpha_mcmp_result_vals": [
      1.0877958935327967e-05,
      0.00010877958935327968,
      0.0010877958935327967,
      0.010877958935327966,
      0.10877958935327967,
      0.5438979453379574,
      1.0145869424194336
    ],
    "alpha_mcmp_costs": [
      0.00029505701446000003,
      0.002950570144600001,
      0.029505701446,
      0.29505701446000004,
      2.950570144600001,
      14.752850692500001,
      42.32421954796598
    ],
    "egubs_alpha_vals": [
      1e-05,
      0.0001,
      0.001,
      0.01,
      0.1,
      0.5,
      0.999
    ],
    "egubs_alpha_result_vals_by_lamb": {
      "-0.01": [
        0.7087124485031169,
        0.7087993113909911,
        0.7096688010731266,
        0.7184506468626964,
        0.8160454696208052,
        1.6875355555282585,
        999.6312836455061
      ],
      "-0.1": [
        0.08040841053287245,
        0.0804670661908805,
        0.08105420473044385,
        0.08699099987099596,
        0.16558292403903693,
        1.0232364028527572,
        999.0100518357438
      ],
      "-0.2": [
        0.012516151903333788,
        0.012548296635717337,
        0.012873972764625012,
        0.01763890924405618,
        0.11155874446900128,
        1.000101039401837,
        999.0001010394009
      ],
      "-0.3": [
        0.002572760504857032,
        0.0025907288661272195,
        0.0028196953484667534,
        0.010105435486659388,
        0.11111212674258213,
        1.000001015631471,
        999.0000010156306
      ],
      "-0.4": [
        0.0006225002084345936,
        0.0006400670393660117,
        0.0010507071991907465,
        0.010101020309970826,
        0.11111112132007184,
        1.0000000102089608,
        999.000000010208
      ],
      "-0.5": [
        0.00017556622204493072,
        0.00018859295169766071,
        0.0010010011036197973,
        0.010101010203628899,
        0.11111111121372992,
        1.0000000001026188,
        999.0000000001017
      ]
    },
    "egubs_alpha_result_probs_by_lamb": {
      "-0.01": [
        0.9650370338157037,
        0.9650370338157037,
        0.9650370338157037,
        0.9650370338157039,
        0.9690517211070873,
        0.9849466419548589,
        1.0
      ],
      "-0.1": [
        0.651657843113781,
        0.6516578455342779,
        0.6516605777644702,
        0.65413667239028,
        0.8698275363151544,
        0.9901424031661109,
        1.0
      ],
      "-0.2": [
        0.3570998293901956,
        0.35714284488612397,
        0.37624956033273893,
        0.6194568596661638,
        0.9941073669270033,
        1.0,
        1.0
      ],
      "-0.3": [
        0.1981223393143011,
        0.20099647416412283,
        0.4207456036757069,
        0.997987508467133,
        1.0,
        1.0,
        1.0
      ],
      "-0.4": [
        0.18371517405952856,
        0.21068040587038123,
        0.7840420306466118,
        1.0,
        1.0,
        1.0,
        1.0
      ],
      "-0.5": [
        0.07054387199999998,
        0.30382540799999996,
        1.0,
        1.0,
        1.0,
        1.0,
        1.0
      ]
    }
  },
  "gubs_comparison_expr_vals": null
}