{
  "env": "PDDLEnvTireworld-v0",
  "problem_index": 2,
  "algorithm": "vi",
  "epsilon": 1e-08,
  "vi_mode": "discounted",
  "gamma": 0.99,
  "gamma_vals": [],
  "penalty": 10,
  "penalty_vals": [],
  "pmax_vals": null,
  "alpha_vals": [
    1e-05,
    0.0001,
    0.001,
    0.01,
    0.1,
    0.5,
    0.999
  ],
  "lamb_vals": [
    -0.1,
    -0.2,
    -0.25,
    -0.3,
    -0.35,
    -0.4
  ],
  "batch": false,
  "batch_size": 20,
  "limit_time": false,
  "compare_policies": false,
  "lamb": -0.1,
  "k_g": 1,
  "init_param_val": 0.01,
  "simulate": false,
  "render_and_save": true,
  "output_dir": "./output",
  "print_sim_history": false,
  "plot_stats": false,
  "no_run_alpha_expr": false,
  "no_run_gubs_comparison_expr": true,
  "p_max": 1.0,
  "alpha_expr_vals": {
    "alpha_vals": [
      1e-05,
      0.0001,
      0.001,
      0.01,
      0.1,
      0.5,
      0.999
    ],
    "alpha_mcmp_result_vals": [
      1.1761298745893303e-05,
      0.00011761298745893302,
      0.0011761788291028668,
      0.011761788291028669,
      0.11761788291028669,
      0.5880894145514334,
      1.1750026502737638
    ],
    "alpha_mcmp_costs": [
      0.00017500000000001003,
      0.001750000000000072,
      0.017500000000000418,
      0.1749999999999938,
      1.7499999999999079,
      8.74999998464067,
      17.482500046079878
    ],
    "egubs_alpha_vals": [
      1e-05,
      0.0001,
      0.001,
      0.01,
      0.1,
      0.5,
      0.999
    ],
    "egubs_alpha_result_vals_by_lamb": {
      "-0.1": [
        0.1761888292028677,
        0.17627883910386682,
        0.17717983010386773,
        0.18627983920387683,
        0.28728994021397786,
        1.1761788291028668,
        999.176178829102
      ],
      "-0.2": [
        0.031911845448093126,
        0.03200185534909223,
        0.03290284634909313,
        0.04200285544910223,
        0.14301295645920326,
        1.0319018453480922,
        999.0319018453472
      ],
      "-0.25": [
        0.01607486881199479,
        0.01611987377564532,
        0.016570369440032776,
        0.023815732883894485,
        0.1248258338939955,
        1.0137147227828844,
        999.013714722782
      ],
      "-0.3": [
        0.008206135463746165,
        0.008251140421223798,
        0.008701635998144868,
        0.01603706041542095,
        0.11704716142552198,
        1.0059360503144108,
        999.0059360503135
      ],
      "-0.35": [
        0.004210898350547667,
        0.004255903304707819,
        0.004706398833418264,
        0.012687599057364638,
        0.11369770006746566,
        1.0025865889563546,
        999.0025865889554
      ],
      "-0.4": [
        0.002835248544089005,
        0.0028380613577748243,
        0.0028662173761338635,
        0.01123563722203191,
        0.11224573823213292,
        1.0011346271210217,
        999.0011346271201
      ]
    },
    "egubs_alpha_result_probs_by_lamb": {
      "-0.1": [
        1.0,
        1.0,
        1.0,
        1.0,
        1.0,
        1.0,
        1.0
      ],
      "-0.2": [
        1.0,
        1.0,
        1.0,
        1.0,
        1.0,
        1.0,
        1.0
      ],
      "-0.25": [
        0.5,
        0.5,
        0.5,
        1.0,
        1.0,
        1.0,
        1.0
      ],
      "-0.3": [
        0.5,
        0.5,
        0.5,
        1.0,
        1.0,
        1.0,
        1.0
      ],
      "-0.35": [
        0.5,
        0.5,
        0.5,
        1.0,
        1.0,
        1.0,
        1.0
      ],
      "-0.4": [
        0.03125,
        0.03125,
        0.03125,
        1.0,
        1.0,
        1.0,
        1.0
      ]
    }
  },
  "gubs_comparison_expr_vals": null
}